Moy,calculus.jpg,calculus,01/10/2023,Create
Moy,cooking.jpg,cooking,02/10/2023,Create
Moy,football.jpg,football,03/10/2023,Create
Moy,gaming.jpg,gaming,04/10/2023,Create
Moy,golf.jpg,golf,05/10/2023,Create
Moy,painting.jpg,painting,06/10/2023,Create
moy,painting.jpg,painting,09/10/2023,Create
Moy,Concert.jpg,Concert,21/09/2023,Join
Moy,Travis Scott.PNG,Travis Scott,21/09/2023,Join
moy,Concert.jpg,Concert,21/09/2023,Join
HandsomeMoy08,Sticky rice.jpg,Sticky rice,04/10/2023,Create
Moy,calculus.jpg,calculus,07/10/2023,Join
Moy,calculus.jpg,calculus,07/10/2023,Join
moy,Travis Scott.PNG,Travis Scott,07/10/2023,Join
moy,Travis Scott.PNG,Travis Scott,07/10/2023,Join
moy,Travis Scott.PNG,Travis Scott,07/10/2023,Join
moy,painting.jpg,painting,07/10/2023,Join
moy,Travis Scott.PNG,Travis Scott,07/10/2023,Join
moy,Travis Scott.PNG,Travis Scott,07/10/2023,Join
moy,Travis Scott.PNG,Travis Scott,07/10/2023,Join
Moy,cooking.jpg,cooking,07/10/2023,Join
