xss,xss,admin,admin,avatars.png,admin,Available,06/10/2024,0
puri,moy,Moy,oo,2023-10-08_1696753826265.jpg,user,Available,06/10/2024,0
puri,puir,moy,oo,2023-09-12_1694531215373.png,user,Available,06/10/2024,0
puri,puir,MOS2,oo,avatars.png,user,Banned,06/10/2024,0
puri,puir,moy2,oo,Moy.png,user,Available,06/10/2024,1
puri,puir,moyMOY,oo,2023-09-22_1695398494958.png,user,Available,06/10/2024,0
bass,puri,puribass,oo,2023-09-12_1694534459292.jpg,user,Available,06/10/2024,0
puri,limwongrujirat,HandsomeMoy08,oo,2023-09-19_1695141928859.png,user,Available,06/10/2024,3
pasin,chearasirisin,MosKunG,oo,avatars.png,user,Available,06/10/2024,0
prariyavit,tachakitmatetumrong,ProfessorX,oo,avatars.png,user,Available,06/10/2024,0
yossawaj,bowonsrithananon,FlukeZa007,oo,avatars.png,user,Available,06/10/2024,0
mos,che,mosmos,pp,2023-09-21_1695307338732.jpg,user,Banned,06/10/2024,0
pasin,che,puri,pp,2023-09-21_1695307528637.jpg,user,Banned,06/10/2024,0
hi,hooo,ho,pp,2023-09-21_1695315036344.png,user,Available,06/10/2024,0
asd,asd,asd,oo,avatars.png,user,Available,22/09/2023,0
